Gender,Company Type,WFH Setup Available,Designation,Resource Allocation,Mental Fatigue Score,Burn Rate
1.0,-0.00928911984851339,0.07371833470560081,-0.11051358035887981,-0.14108933412429706,-0.14576047352315566,-0.15657655812255314
-0.00928911984851339,1.0,0.0007555164779599754,-0.00898853658347444,-0.005794542395220313,-0.00469703026651098,-0.005903766369360432
0.07371833470560081,0.0007555164779599754,1.0,-0.23185805019276387,-0.2853835085063579,-0.2776829475979997,-0.3071683717526668
-0.11051358035887981,-0.00898853658347444,-0.23185805019276387,1.0,0.8778929234315216,0.6918233471293905,0.7364115541235382
-0.14108933412429706,-0.005794542395220313,-0.2853835085063579,0.8778929234315216,1.0,0.7995632228418739,0.8550048496676329
-0.14576047352315566,-0.00469703026651098,-0.2776829475979997,0.6918233471293905,0.7995632228418739,1.0,0.9443885527850884
-0.15657655812255314,-0.005903766369360432,-0.3071683717526668,0.7364115541235382,0.8550048496676329,0.9443885527850884,1.0
